cmd_vel_lin_x,cmd_vel_lin_y,cmd_vel_ang_z
0.500000,0.000000,-0.030394
0.495662,0.000000,-0.213961
0.000000,0.000000,0.000000
0.000000,0.000000,0.000000
0.500000,0.000000,0.522143
0.500000,0.000000,0.300130
