cmd_vel_lin_x,cmd_vel_lin_y,cmd_vel_ang_z
0.222295,0.000000,0.497801
0.222295,0.000000,0.497801
