transformed_plan_position_x,transformed_plan_position_y,transformed_plan_orientation_z,transformed_plan_orientation_w
0.000000,0.000000,0.044243,0.999021
5.814184,1.480145,0.105317,0.994439
5.839177,1.479582,-0.011991,0.999928
5.864170,1.478946,-0.009123,0.999958
5.889164,1.478670,-0.008329,0.999965
5.914163,1.478113,-0.014616,0.999893
5.939143,1.477208,-0.018061,0.999837
5.939143,1.477210,0.004920,0.999988
